emp_id,dept_id,salary,ssn,street,city,state,zip_code,join_date,dob,first_name,last_name,primary_email,secondary_email,gender,phone
1,6,79107.57,7185690446,5863 Fallview Pass,Brooklyn,New York,11220,08/31/2016,02/04/1992,Inger,Gissop,igissop0@state.tx.us,igissop0@accuweather.com,Female,850-498-6398
2,5,79408.52,7048958531,895 Fallview Trail,Charlotte,North Carolina,28235,09/22/2019,10/13/1995,Myrle,Boules,mboules1@cdbaby.com,mboules1@digg.com,Female,918-643-3276
3,8,63037.88,2347472000,90 Hoard Crossing,Akron,Ohio,44393,03/25/2022,08/07/1980,Piper,Broxup,pbroxup2@nih.gov,pbroxup2@last.fm,Non-binary,206-926-6002
4,4,49734.44,6125871437,6 Dakota Court,Minneapolis,Minnesota,55470,01/21/2021,02/28/1962,Gay,Oleszkiewicz,goleszkiewicz3@desdev.cn,,Male,304-923-1118
5,5,46171.52,9172909050,29 Anzinger Hill,Bronx,New York,10464,03/11/2021,10/22/1997,Gianina,Skitterel,gskitterel4@seesaa.net,gskitterel4@wisc.edu,Female,605-236-1810
6,6,23747.31,4192418917,12 Loeprich Court,Toledo,Ohio,43615,11/07/2020,03/20/2000,Leona,Luna,lluna5@mlb.com,lluna5@360.cn,Female,651-844-0260
7,4,68544.84,6464344302,698 Lawn Street,Brooklyn,New York,11215,03/24/2021,12/26/1956,Kristoforo,Muldoon,kmuldoon6@geocities.com,kmuldoon6@purevolume.com,Male,601-917-2418
8,3,42668.66,5015899426,783 Paget Center,Little Rock,Arkansas,72204,03/01/2018,08/09/1956,Heinrik,Brookbank,hbrookbank7@dot.gov,,Male,520-193-0604
9,4,57427.81,8058855618,19352 Havey Alley,Santa Barbara,California,93106,11/08/2015,07/24/1984,Barnebas,Vaughten,bvaughten8@usnews.com,bvaughten8@ameblo.jp,Male,702-650-8287
10,5,71333.35,6163455172,911 Monument Center,Grand Rapids,Michigan,49544,01/23/2019,06/07/1998,Lorna,Isac,lisac9@wikispaces.com,lisac9@amazon.co.jp,Female,919-494-0409
11,5,74734.47,5592562782,5 Anzinger Alley,Fresno,California,93762,02/16/2017,01/15/1999,Daile,Woolrich,dwoolricha@bloglines.com,dwoolricha@ed.gov,Female,318-444-3723
12,5,61470.68,8054069919,46 Utah Point,Santa Barbara,California,93150,06/30/2020,07/03/1986,Devora,Pristnor,dpristnorb@hexun.com,dpristnorb@illinois.edu,Female,502-921-9986
13,1,42799.79,7148616116,37163 Trailsway Avenue,Huntington Beach,California,92648,01/30/2019,03/23/1973,Cos,Augar,caugarc@uol.com.br,caugarc@t.co,Male,915-227-9748
14,1,85110.35,3034466002,5579 Amoth Crossing,Boulder,Colorado,80328,04/05/2022,03/08/1969,Zorana,Romaines,zromainesd@baidu.com,,Female,561-646-6355
15,5,63094.94,2134614262,73127 Maple Wood Alley,Los Angeles,California,90081,01/18/2018,03/09/1970,Udell,Mingardo,umingardoe@networkadvertising.org,,Male,251-754-3899
16,5,46074.79,3233987943,21206 Manley Terrace,Los Angeles,California,90020,06/05/2019,04/12/1986,Cully,McFall,cmcfallf@nasa.gov,,Male,804-221-4762
17,4,60768.18,7142252257,04347 Vernon Terrace,Fullerton,California,92835,03/14/2022,09/20/1983,Hurley,Cowdery,hcowderyg@altervista.org,hcowderyg@cocolog-nifty.com,Male,609-980-8042
18,3,66888.18,3051031903,279 Thackeray Court,Miami Beach,Florida,33141,10/17/2018,08/27/1959,Meagan,Dornan,mdornanh@twitpic.com,mdornanh@51.la,Female,234-947-4666
19,4,59348.33,2146242029,7274 Lakewood Road,Dallas,Texas,75246,11/20/2019,12/08/1995,Jena,O'Shea,josheai@rakuten.co.jp,josheai@pagesperso-orange.fr,Female,251-143-3022
20,4,62303.59,6174331361,0 Northview Hill,Boston,Massachusetts,02298,06/16/2015,02/26/1982,Den,Kilgannon,dkilgannonj@php.net,dkilgannonj@state.gov,Male,209-354-1517
21,4,75956.46,9108859441,6 School Pass,Wilmington,North Carolina,28410,03/06/2022,12/04/1969,Myrtia,Tremblot,mtremblotk@macromedia.com,mtremblotk@sciencedirect.com,Female,260-566-7767
22,5,31176.58,7724657520,274 Mayfield Parkway,Vero Beach,Florida,32969,09/25/2016,04/26/1980,Leroi,Ditchett,lditchettl@bbc.co.uk,lditchettl@csmonitor.com,Male,916-337-5929
23,4,66505.71,9153336479,7 Prairie Rose Road,El Paso,Texas,88514,06/20/2016,07/06/1968,Brnaby,Linsay,blinsaym@gov.uk,blinsaym@nature.com,Male,504-128-6934
24,1,69648.32,3093999730,351 Evergreen Point,Bloomington,Illinois,61709,05/08/2022,01/31/2000,Falito,Uzelli,fuzellin@t-online.de,,Male,813-225-4725
25,7,59964.44,2051454959,152 Eliot Terrace,Birmingham,Alabama,35244,10/21/2020,03/16/1967,Conway,Parradice,cparradiceo@networksolutions.com,cparradiceo@nytimes.com,Male,561-599-1724
26,6,44397.12,7161759541,79438 Waywood Avenue,Buffalo,New York,14233,06/16/2016,07/14/1958,De witt,Heino,dheinop@msu.edu,,Male,916-394-0139
27,4,53902.84,4073441439,3 Lien Drive,Orlando,Florida,32813,12/15/2020,02/14/1977,Peadar,Cardow,pcardowq@omniture.com,pcardowq@ehow.com,Male,407-344-5044
28,6,78435.54,2024537255,4 Stuart Court,Washington,District of Columbia,20057,04/11/2017,01/20/1969,Giovanna,Garroch,ggarrochr@ifeng.com,ggarrochr@rambler.ru,Female,213-945-0813
29,6,61562.96,3135510542,3338 Anniversary Plaza,Detroit,Michigan,48232,02/14/2019,08/01/1962,Elwira,Jiru,ejirus@yellowpages.com,ejirus@blogger.com,Female,850-241-1394
30,4,92970.06,2101964340,02950 Esch Way,San Antonio,Texas,78291,08/06/2017,12/15/1971,Trey,Reijmers,treijmerst@economist.com,treijmerst@ow.ly,Genderfluid,760-592-0448
31,4,58690.67,6075256743,2790 Waxwing Road,Elmira,New York,14905,12/02/2018,08/28/1966,Wilmer,Aldine,waldineu@npr.org,waldineu@bloglovin.com,Male,724-676-2064
32,4,43583.35,9706898317,89 Saint Paul Point,Greeley,Colorado,80638,06/16/2019,08/04/1963,Zeb,Garcia,zgarciav@sitemeter.com,zgarciav@woothemes.com,Male,915-523-8363
33,1,30780.77,4199307010,05740 Lighthouse Bay Point,Toledo,Ohio,43610,10/12/2017,04/16/1967,Mark,Kilmurray,mkilmurrayw@google.com.hk,,Polygender,217-768-4740
34,1,51492.62,7275921395,98 Comanche Terrace,Saint Petersburg,Florida,33715,08/05/2019,10/17/1962,Randy,Kach,rkachx@fc2.com,rkachx@naver.com,Female,512-718-0434
35,4,69330.87,9152680348,78524 North Point,El Paso,Texas,79928,02/10/2020,07/09/1968,Dewey,Lanaway,dlanawayy@ibm.com,dlanawayy@ebay.com,Male,419-491-0409
36,5,85642.7,5625742917,1836 Maple Avenue,Long Beach,California,90805,03/06/2019,02/03/1979,Stu,Deverson,sdeversonz@cmu.edu,sdeversonz@senate.gov,Non-binary,419-984-5442
37,1,56769.99,5153982001,5443 Vermont Hill,Des Moines,Iowa,50335,04/08/2020,09/22/1975,Tallia,Micheli,tmicheli10@hao123.com,tmicheli10@gizmodo.com,Female,513-218-4578
38,1,57422.28,2483367104,370 Petterle Junction,Troy,Michigan,48098,04/13/2019,03/20/1968,Zechariah,Clynman,zclynman11@bbb.org,zclynman11@youtu.be,Genderqueer,217-586-2918
39,6,45651.73,7164052155,6375 Morning Point,Buffalo,New York,14269,12/18/2020,01/27/1963,Natividad,Leese,nleese12@amazon.co.uk,,Genderfluid,304-562-4282
40,2,72319.87,2517708756,01 Buhler Terrace,Mobile,Alabama,36616,12/22/2022,03/03/1999,Catie,Combe,ccombe13@imageshack.us,,Female,469-607-4112
41,4,85434.0,9155658022,9590 Reindahl Junction,El Paso,Texas,79977,10/26/2018,03/17/1994,Darrick,Gosnold,dgosnold14@google.it,dgosnold14@furl.net,Male,215-215-1736
42,5,57942.62,9174533515,9844 Mccormick Drive,New York City,New York,10280,10/23/2020,05/25/1974,Dirk,Chastand,dchastand15@devhub.com,dchastand15@dagondesign.com,Male,209-879-2687
43,1,63225.23,7279111746,5621 Hazelcrest Crossing,Saint Petersburg,Florida,33710,06/16/2022,08/01/2001,Astra,Odell,aodell16@mayoclinic.com,aodell16@princeton.edu,Female,515-433-7858
44,7,62345.08,3158555946,110 Carioca Lane,Syracuse,New York,13210,09/19/2021,10/19/1963,Earle,Oliver,eoliver17@usgs.gov,eoliver17@wordpress.com,Male,209-604-4489
45,4,46907.84,5021935089,38302 International Center,Louisville,Kentucky,40233,03/27/2019,10/03/1994,Conant,Lamkin,clamkin18@behance.net,clamkin18@wikia.com,Male,720-163-8305
46,1,61649.18,6168930874,2 Melrose Lane,Grand Rapids,Michigan,49560,03/03/2023,06/13/1989,Terrie,Cousens,tcousens19@walmart.com,,Female,772-782-8599
47,1,42062.11,9096060886,10599 Cambridge Avenue,San Bernardino,California,92424,11/12/2022,10/03/1981,Stephana,Yonnie,syonnie1a@jugem.jp,syonnie1a@parallels.com,Female,615-784-3680
48,4,30330.41,6182270255,55 Porter Road,East Saint Louis,Illinois,62205,12/30/2019,09/06/2003,Windham,Calvie,wcalvie1b@msu.edu,wcalvie1b@godaddy.com,Male,518-592-5342
49,1,49092.97,3307484649,7933 Grover Road,Akron,Ohio,44305,08/28/2015,05/17/1985,Randy,Trood,rtrood1c@paginegialle.it,,Male,412-400-1927
50,4,55428.4,8084573985,86454 Grim Street,Honolulu,Hawaii,96845,02/01/2021,10/24/1964,Sean,Krimmer,skrimmer1d@tamu.edu,skrimmer1d@is.gd,Male,651-954-4935
51,1,24844.67,5094921961,61005 Village Center,Spokane,Washington,99260,02/25/2019,01/06/1980,Sonni,Shipway,sshipway1e@hibu.com,sshipway1e@ftc.gov,Female,253-852-1299
52,1,68250.26,9404540449,98 Golf View Point,Denton,Texas,76205,05/13/2016,09/04/1996,Mabelle,Bowes,mbowes1f@nytimes.com,,Female,616-808-7864
53,4,81193.51,3305054742,783 Kings Alley,Warren,Ohio,44485,04/06/2016,11/22/1968,Obie,Ede,oede1g@a8.net,oede1g@dion.ne.jp,Male,937-268-0226
54,4,47471.27,5052230149,8 Carioca Circle,Albuquerque,New Mexico,87115,09/16/2018,08/04/1991,Trenna,Ludl,tludl1h@163.com,tludl1h@cdbaby.com,Female,323-405-0958
55,4,40008.94,5139795341,3973 Monument Plaza,Cincinnati,Ohio,45264,09/11/2016,11/09/1971,Veriee,Foltin,vfoltin1i@amazon.com,vfoltin1i@dailymail.co.uk,Agender,718-669-9944
56,6,70275.5,6055788897,68554 Comanche Road,Sioux Falls,South Dakota,57188,03/03/2017,12/07/1969,Cacilie,Klimuk,cklimuk1j@cbslocal.com,cklimuk1j@who.int,Female,704-646-1269
57,8,64541.43,6611917921,34 Cambridge Avenue,Bakersfield,California,93381,07/06/2021,05/10/2002,Regan,Pendrid,rpendrid1k@narod.ru,rpendrid1k@google.ru,Male,801-630-0930
58,8,58071.96,8054656904,29706 Huxley Junction,San Mateo,California,94405,12/30/2017,02/09/1965,Selene,Crosham,scrosham1l@ustream.tv,scrosham1l@mapquest.com,Genderqueer,754-604-6288
59,1,62388.16,2153114628,511 Ramsey Street,Philadelphia,Pennsylvania,19160,06/20/2017,01/25/1993,Giavani,Delion,gdelion1m@unblog.fr,,Male,217-795-2978
60,2,57818.98,2812937070,855 Namekagon Way,Houston,Texas,77075,02/26/2018,11/07/1976,Diahann,Pothbury,dpothbury1n@bbc.co.uk,dpothbury1n@unc.edu,Polygender,361-510-7839
61,8,62959.63,2062110669,76 Colorado Way,Seattle,Washington,98195,06/09/2020,01/15/1956,Winthrop,Abramov,wabramov1o@trellian.com,wabramov1o@weather.com,Male,714-386-3780
62,1,22989.27,4103976385,2 Melrose Center,Baltimore,Maryland,21229,03/25/2021,05/02/1964,Wakefield,Shrimptone,wshrimptone1p@1688.com,wshrimptone1p@cnn.com,Male,915-561-0358
63,6,64394.66,5016283490,66 High Crossing Avenue,North Little Rock,Arkansas,72199,05/14/2022,11/26/1976,Broddy,Welbrock,bwelbrock1q@pinterest.com,bwelbrock1q@nationalgeographic.com,Male,817-297-4893
64,6,31713.53,2024089267,859 Loeprich Park,Washington,District of Columbia,20414,03/23/2022,09/18/1976,Donnajean,Westby,dwestby1r@ucsd.edu,,Female,314-902-8036
65,2,81979.23,9737797271,9 Surrey Hill,Paterson,New Jersey,07505,06/18/2018,05/02/1993,Willey,Bradberry,wbradberry1s@adobe.com,wbradberry1s@wix.com,Male,571-305-5664
66,7,54200.47,4064738658,3 Eliot Crossing,Missoula,Montana,59806,10/15/2021,10/07/1987,Griz,Guinane,gguinane1t@nydailynews.com,gguinane1t@geocities.jp,Male,304-957-1552
67,4,80958.13,9074167763,9 Debra Road,Anchorage,Alaska,99599,08/06/2022,01/23/1957,Orren,Teanby,oteanby1u@columbia.edu,,Male,757-870-6952
68,4,68671.56,2816082646,6 Old Gate Pass,Houston,Texas,77050,08/07/2017,05/07/1991,Inge,Dorro,idorro1v@eventbrite.com,,Female,504-925-2700
69,4,84892.39,7572482423,3023 Kedzie Terrace,Chesapeake,Virginia,23324,10/10/2019,11/24/1967,Bendix,Clemintoni,bclemintoni1w@gizmodo.com,bclemintoni1w@purevolume.com,Male,713-567-6089
70,1,56394.02,7608211563,1857 Northland Street,San Diego,California,92121,09/06/2016,04/03/1968,Waverley,Artz,wartz1x@google.ca,wartz1x@rakuten.co.jp,Male,904-233-1905
71,1,25408.07,7866909969,5 Moland Alley,Hialeah,Florida,33013,10/01/2018,02/28/1998,Yuri,Vause,yvause1y@g.co,yvause1y@usnews.com,Male,240-842-1248
72,1,42475.76,8065056474,23193 Coleman Junction,Lubbock,Texas,79415,01/13/2019,04/05/1994,Pattin,Lanfranchi,planfranchi1z@slideshare.net,,Male,202-135-7977
73,4,47970.37,6092861295,16966 Bluejay Way,Trenton,New Jersey,08650,01/10/2023,01/14/1985,Willey,Micka,wmicka20@gravatar.com,,Male,310-214-5014
74,4,81261.48,6191079250,4 Sycamore Way,San Diego,California,92137,07/18/2018,09/30/1961,Maryjo,Brownett,mbrownett21@adobe.com,mbrownett21@bbc.co.uk,Female,704-374-4830
75,6,60974.88,3035496911,339 Scott Junction,Boulder,Colorado,80310,02/19/2021,08/21/1991,Torrin,Thrower,tthrower22@instagram.com,tthrower22@dagondesign.com,Male,316-799-5611
76,5,48125.58,9152603895,10 Sheridan Circle,El Paso,Texas,79905,05/04/2020,01/16/1972,Way,Grevel,wgrevel23@163.com,wgrevel23@slideshare.net,Male,419-987-5537
77,4,91014.35,2102147063,330 Mayer Park,San Antonio,Texas,78210,03/26/2020,10/12/2000,Trudey,Charlotte,tcharlotte24@archive.org,,Female,954-726-2353
78,1,41202.08,5028472524,80 Buhler Pass,Migrate,Kentucky,41905,07/02/2016,11/19/2003,Aarika,Saunton,asaunton25@dell.com,asaunton25@fc2.com,Female,402-618-6349
79,5,72743.94,7166902168,7198 Esker Pass,Buffalo,New York,14233,02/13/2023,03/10/1958,Herve,Eberts,heberts26@pinterest.com,,Male,512-428-4140
80,1,65760.93,4842486557,68 Red Cloud Road,Bethlehem,Pennsylvania,18018,08/03/2017,03/27/1972,Alair,Stoppe,astoppe27@craigslist.org,astoppe27@bluehost.com,Male,816-626-0837
81,4,78890.04,7198653312,5252 Dawn Hill,Pueblo,Colorado,81005,06/11/2015,09/07/1976,Neddy,Desesquelle,ndesesquelle28@mail.ru,,Male,478-637-8281
82,2,53268.99,5122155265,930 Surrey Way,Round Rock,Texas,78682,02/04/2017,09/30/1969,Fredrick,Daniaud,fdaniaud29@meetup.com,fdaniaud29@freewebs.com,Male,203-570-9772
83,2,61699.12,9189130361,564 Merry Center,Tulsa,Oklahoma,74184,07/11/2020,12/08/1955,Sheffie,Lesly,slesly2a@last.fm,slesly2a@cloudflare.com,Male,314-539-5118
84,1,60443.54,2484306313,1 Harbort Terrace,Farmington,Michigan,48335,03/15/2020,01/22/1976,Audre,Gantlett,agantlett2b@google.es,agantlett2b@t-online.de,Female,831-153-8104
85,4,56022.33,7144228696,6813 Buell Avenue,Anaheim,California,92825,10/10/2017,01/07/1990,Waldemar,Shute,wshute2c@mit.edu,,Male,508-390-3596
86,5,87485.52,2128142699,22548 Cascade Way,Jamaica,New York,11499,12/17/2022,03/29/1998,Davidson,Gareisr,dgareisr2d@jigsy.com,dgareisr2d@free.fr,Male,936-113-1656
87,7,30256.08,3185647132,43 Londonderry Center,Boston,Massachusetts,02104,05/29/2021,05/16/1993,Casi,Van de Castele,cvandecastele2e@java.com,cvandecastele2e@livejournal.com,Genderqueer,508-356-5932
88,2,76686.17,2145163429,03486 Valley Edge Road,Dallas,Texas,75358,01/28/2021,01/14/1961,Hewitt,Priest,hpriest2f@wikimedia.org,,Male,651-911-7198
89,2,43092.51,5159831978,87 Fordem Hill,Des Moines,Iowa,50330,07/09/2018,08/29/1993,Linn,Bigadike,lbigadike2g@furl.net,lbigadike2g@rediff.com,Female,305-409-6844
90,3,55190.05,9079036638,1 Everett Lane,Anchorage,Alaska,99507,12/04/2016,04/02/1979,Dilan,Brompton,dbrompton2h@so-net.ne.jp,,Male,626-572-7468
91,4,86618.2,3055564326,4 Grasskamp Circle,Miami,Florida,33196,08/27/2017,08/31/1983,Hadria,Redgrave,hredgrave2i@dyndns.org,,Female,513-260-4622
92,4,79915.55,2021498107,73 Browning Park,Washington,District of Columbia,20397,11/15/2022,04/21/1989,Freemon,Childe,fchilde2j@storify.com,,Male,843-287-7082
93,1,44348.21,7065011715,8 Hansons Drive,Columbus,Georgia,31904,12/17/2016,09/14/1970,Niki,Shearsby,nshearsby2k@google.de,nshearsby2k@pagesperso-orange.fr,Male,303-860-9799
94,1,80636.26,8501021313,823 Swallow Hill,Pensacola,Florida,32595,10/08/2016,04/13/1984,Launce,Trowill,ltrowill2l@bluehost.com,ltrowill2l@meetup.com,Male,772-514-2853
95,4,59899.77,3147862369,56819 Waubesa Street,Saint Louis,Missouri,63116,01/26/2018,08/23/1990,Abbey,Malloch,amalloch2m@sphinn.com,amalloch2m@meetup.com,Male,312-565-7000
96,8,37155.88,2068442100,5 Little Fleur Crossing,Seattle,Washington,98115,09/28/2017,04/28/1966,Mersey,Taber,mtaber2n@sciencedaily.com,mtaber2n@google.ru,Female,402-943-3899
97,5,63936.75,9152179633,91 Redwing Parkway,El Paso,Texas,79923,12/08/2021,12/26/1961,Domeniga,Scrimshire,dscrimshire2o@gravatar.com,dscrimshire2o@irs.gov,Female,603-454-9440
98,4,76485.47,7203684917,4 Heath Point,Arvada,Colorado,80005,02/28/2023,08/25/1967,Liane,Musson,lmusson2p@disqus.com,lmusson2p@bloomberg.com,Female,571-979-8642
99,6,66723.49,2029586641,5 Sutherland Park,Washington,District of Columbia,20520,07/01/2020,04/20/1955,Anna-maria,Duffet,aduffet2q@behance.net,aduffet2q@ameblo.jp,Female,510-329-2668
100,2,60334.51,6077119232,23785 Arkansas Road,Elmira,New York,14905,04/06/2021,06/09/1969,Sibel,Sone,ssone2r@blogspot.com,ssone2r@dailymail.co.uk,Female,304-332-0884
101,1,43565.84,2532957538,893 Macpherson Junction,Tacoma,Washington,98405,05/13/2019,06/29/1971,Clemmy,Sussex,csussex2s@cocolog-nifty.com,csussex2s@e-recht24.de,Male,214-142-1239
102,5,99041.22,8014528215,8 Meadow Valley Pass,Salt Lake City,Utah,84135,06/11/2016,12/29/1957,Alyosha,Heare,aheare2t@china.com.cn,,Male,954-467-5060
103,5,62782.67,5852379657,86212 Thompson Way,Rochester,New York,14619,03/01/2016,07/23/1974,Dorella,Klaffs,dklaffs2u@blinklist.com,dklaffs2u@kickstarter.com,Female,201-135-2388
104,4,70460.61,5159365811,98414 Delladonna Pass,Des Moines,Iowa,50393,06/22/2019,01/24/1963,Alaric,Donovin,adonovin2v@thetimes.co.uk,adonovin2v@zimbio.com,Genderfluid,609-411-8338
105,4,80042.82,4046208810,9234 Cherokee Road,Atlanta,Georgia,30358,12/08/2018,07/29/1986,Jemmy,Maven,jmaven2w@nature.com,jmaven2w@webmd.com,Female,718-274-0133
106,1,89455.95,2026672570,622 Mcguire Park,Washington,District of Columbia,20442,12/03/2019,08/11/1969,Arlan,Hevey,ahevey2x@salon.com,ahevey2x@nbcnews.com,Male,850-326-1916
107,8,55428.09,6464999625,69747 Clove Street,New York City,New York,10014,12/05/2017,10/01/1986,Alford,Ventum,aventum2y@addtoany.com,aventum2y@xrea.com,Male,661-595-9302
108,2,69780.37,4171806011,368 Pearson Park,Springfield,Missouri,65805,01/31/2016,11/14/1955,Kimberlee,Batting,kbatting2z@studiopress.com,kbatting2z@hostgator.com,Female,513-379-9531
109,4,81535.6,5089986582,289 Pearson Plaza,Brockton,Massachusetts,02305,08/01/2020,07/21/1975,Harrie,Janney,hjanney30@nymag.com,,Female,206-620-7967
110,5,69602.03,6149425983,7 Lakewood Court,Columbus,Ohio,43220,09/16/2020,12/14/1995,Josy,Lissandrini,jlissandrini31@4shared.com,jlissandrini31@smugmug.com,Female,425-133-5440
111,3,67319.53,7079887728,72 Independence Parkway,Santa Rosa,California,95405,04/03/2018,02/11/1967,Koren,Hastings,khastings32@yolasite.com,khastings32@joomla.org,Female,614-313-7878
112,2,84149.2,7274090189,9234 Canary Way,Bradenton,Florida,34210,04/27/2022,11/12/1965,Broddy,Gissing,bgissing33@ehow.com,bgissing33@fema.gov,Male,812-711-4497
113,1,52720.35,6462738139,84 Cottonwood Court,New York City,New York,10170,02/20/2017,11/12/1997,Tann,Abbey,tabbey34@examiner.com,tabbey34@salon.com,Male,513-738-7374
114,5,54575.13,5042053979,18374 Forest Dale Drive,New Orleans,Louisiana,70116,06/28/2021,01/13/2000,Mattie,Marcum,mmarcum35@cnet.com,mmarcum35@ucoz.ru,Male,212-824-7482
115,6,71250.51,9093792459,9 New Castle Hill,San Bernardino,California,92424,11/04/2018,05/05/2001,Vidovic,Coaten,vcoaten36@earthlink.net,,Male,323-938-0759
116,1,68236.08,6187133853,14 Mendota Parkway,East Saint Louis,Illinois,62205,09/03/2015,06/04/1959,Fraze,Enric,fenric37@businessinsider.com,fenric37@istockphoto.com,Male,337-404-4657
117,5,66606.4,8286187937,812 Erie Point,Asheville,North Carolina,28805,12/28/2020,08/07/2003,Mirabelle,Risby,mrisby38@imgur.com,mrisby38@amazon.co.jp,Non-binary,562-127-0758
118,4,69737.73,2564231406,044 Melrose Center,Huntsville,Alabama,35895,12/22/2017,01/01/1983,Jules,Davion,jdavion39@gravatar.com,jdavion39@live.com,Male,817-925-2073
119,5,64100.86,8137523967,4846 Harper Place,Tampa,Florida,33633,02/13/2020,07/09/1976,Robbi,Dedmam,rdedmam3a@youtube.com,rdedmam3a@stanford.edu,Female,302-828-1823
120,3,44560.51,9154627321,92105 Almo Way,El Paso,Texas,79911,08/20/2020,09/08/1980,Antonin,Luckin,aluckin3b@blogtalkradio.com,,Male,678-651-9405
121,1,64857.08,6198623371,9821 Farmco Road,San Diego,California,92170,03/22/2022,02/25/2003,Ashton,Aylett,aaylett3c@yale.edu,aaylett3c@businessweek.com,Male,816-328-7191
122,4,62664.13,5207808397,9112 Armistice Park,Tucson,Arizona,85705,06/11/2022,02/16/1967,Elisabetta,Zamorrano,ezamorrano3d@devhub.com,,Female,208-945-5939
123,1,74943.65,3048777898,2743 Amoth Point,Charleston,West Virginia,25331,03/30/2018,11/08/1963,Ethelda,Dockrey,edockrey3e@yandex.ru,edockrey3e@lycos.com,Female,504-752-8330
124,6,48871.29,5122431387,3839 Russell Terrace,Austin,Texas,78737,09/05/2016,09/17/1986,Frannie,Barwise,fbarwise3f@list-manage.com,,Female,254-828-7096
125,8,70385.59,8646474198,4159 Charing Cross Hill,Spartanburg,South Carolina,29319,02/17/2021,06/20/1962,Aryn,Reubens,areubens3g@sbwire.com,areubens3g@stumbleupon.com,Female,954-251-3055
126,1,61995.07,3042820823,27 Iowa Circle,Huntington,West Virginia,25716,01/11/2017,03/26/1959,Aguste,Abbess,aabbess3h@last.fm,aabbess3h@whitehouse.gov,Male,915-340-4850
127,5,40522.31,8598723910,4994 Lindbergh Plaza,Lexington,Kentucky,40581,12/30/2019,07/03/1967,Quentin,Groombridge,qgroombridge3i@ehow.com,qgroombridge3i@pagesperso-orange.fr,Male,973-873-3221
128,1,60583.2,6173691121,8152 Graceland Court,Boston,Massachusetts,02208,03/09/2017,04/02/1997,Lexis,Butler-Bowdon,lbutlerbowdon3j@wisc.edu,lbutlerbowdon3j@tiny.cc,Female,951-206-9379
129,4,38238.54,7851537003,11 Goodland Avenue,Topeka,Kansas,66642,06/19/2016,05/20/1956,Rochette,Lauthian,rlauthian3k@kickstarter.com,,Female,210-303-4931
130,5,70046.91,7191386215,88932 Erie Trail,Colorado Springs,Colorado,80951,01/16/2017,04/17/1980,Ozzy,Rowbrey,orowbrey3l@acquirethisname.com,orowbrey3l@slideshare.net,Male,702-333-9008
131,8,50046.06,6469031785,0275 Surrey Alley,New York City,New York,10004,08/06/2018,07/09/1969,Lexine,Trevillion,ltrevillion3m@paginegialle.it,ltrevillion3m@goodreads.com,Non-binary,501-191-7531
132,1,38901.26,2142229535,04960 Merrick Hill,Mesquite,Texas,75185,05/05/2021,08/06/1955,Ashly,Addams,aaddams3n@japanpost.jp,aaddams3n@imageshack.us,Female,914-214-7839
133,6,85479.16,2146538314,9 Corry Drive,Arlington,Texas,76011,08/07/2020,10/23/1981,Seward,Favela,sfavela3o@walmart.com,,Male,864-480-5497
134,2,48030.28,2539759239,7657 Heath Pass,Tacoma,Washington,98481,05/09/2020,07/18/1983,Junia,Carme,jcarme3p@blog.com,jcarme3p@seattletimes.com,Female,234-293-3449
135,1,72872.6,7244153646,615 Haas Circle,New Castle,Pennsylvania,16107,09/17/2018,08/07/1998,Anselm,Haddinton,ahaddinton3q@ehow.com,ahaddinton3q@twitter.com,Male,312-638-4471
136,4,57114.18,2129750523,92 Jay Trail,New York City,New York,10170,05/27/2016,02/09/1995,Dan,Klawi,dklawi3r@theguardian.com,dklawi3r@opensource.org,Male,206-759-0569
137,1,53081.02,5408079598,12543 Muir Drive,Roanoke,Virginia,24034,03/10/2023,04/17/1974,Wilhelmine,Morstatt,wmorstatt3s@cam.ac.uk,wmorstatt3s@blogspot.com,Female,256-647-0291
138,1,51694.48,5404635359,2016 Lillian Pass,Roanoke,Virginia,24040,05/31/2017,02/27/1979,Kliment,Cosstick,kcosstick3t@privacy.gov.au,kcosstick3t@prnewswire.com,Male,970-405-5646
139,1,96103.06,6104781949,5 Express Junction,Philadelphia,Pennsylvania,19151,06/27/2017,03/25/1991,Kent,Arndtsen,karndtsen3u@angelfire.com,,Polygender,313-879-9786
140,5,47686.39,5718387755,52 Elka Circle,Arlington,Virginia,22205,04/15/2019,12/23/1963,Marita,Barsam,mbarsam3v@biglobe.ne.jp,mbarsam3v@histats.com,Female,817-555-5646
141,1,45818.22,4024586782,811 Esch Court,Lincoln,Nebraska,68524,02/28/2017,05/23/1972,Rois,Phettiplace,rphettiplace3w@amazon.com,rphettiplace3w@ustream.tv,Female,202-295-9846
142,2,33930.83,7031214223,580 Dovetail Terrace,Alexandria,Virginia,22301,08/21/2016,10/17/1981,Gregorio,Hunnicutt,ghunnicutt3x@earthlink.net,ghunnicutt3x@w3.org,Agender,412-412-4918
143,6,75825.01,7135463121,18 Caliangt Circle,Houston,Texas,77281,04/14/2022,12/13/2003,Vance,Simonel,vsimonel3y@clickbank.net,,Male,212-254-0265
144,3,61647.33,6149777455,2330 Lakeland Street,Columbus,Ohio,43220,05/29/2015,10/15/1976,Allin,Galier,agalier3z@wufoo.com,agalier3z@amazon.de,Male,831-113-3346
145,4,47929.51,2252601515,5444 Sage Lane,Baton Rouge,Louisiana,70805,06/25/2016,07/03/1982,Darbie,Genike,dgenike40@ucoz.ru,,Female,415-722-7700
146,4,57133.32,2285524962,16147 Shopko Alley,Gulfport,Mississippi,39505,01/09/2016,03/26/1956,Joli,Budcock,jbudcock41@behance.net,jbudcock41@storify.com,Female,574-360-7177
147,6,65348.08,6193978812,28445 Schurz Parkway,San Diego,California,92105,06/19/2019,11/08/1966,Jayme,Corhard,jcorhard42@vkontakte.ru,jcorhard42@storify.com,Male,405-215-9209
148,1,32574.84,9012623545,11539 Shoshone Trail,Memphis,Tennessee,38136,03/03/2021,01/18/1993,Ralf,Hambric,rhambric43@ucla.edu,rhambric43@samsung.com,Male,502-647-9888
149,1,51387.14,4083851753,2 Thompson Road,San Jose,California,95133,07/11/2022,01/05/1963,Laurice,Bitcheno,lbitcheno44@statcounter.com,lbitcheno44@oakley.com,Female,215-346-8801
150,6,48850.11,4105047824,1 Bartillon Way,Baltimore,Maryland,21211,02/13/2022,10/02/1988,Merline,Rauprich,mrauprich45@123-reg.co.uk,mrauprich45@myspace.com,Female,209-630-9399
151,1,61796.69,3028453194,96893 Lunder Street,Wilmington,Delaware,19892,11/01/2019,05/30/1990,Mersey,Posten,mposten46@elpais.com,,Female,760-966-5055
152,4,60900.73,2121733980,3 Express Hill,New York City,New York,10029,10/01/2020,10/31/1973,Caldwell,Ewebank,cewebank47@noaa.gov,cewebank47@webnode.com,Male,417-526-3149
153,4,60752.33,4025569742,89064 Badeau Place,Omaha,Nebraska,68179,09/02/2016,09/12/1964,Dawna,Wrate,dwrate48@utexas.edu,dwrate48@ihg.com,Female,618-325-7818
154,4,61315.92,9133587415,641 Spenser Place,Kansas City,Kansas,66160,07/27/2017,10/10/1965,Gradey,Birchill,gbirchill49@yelp.com,gbirchill49@time.com,Male,251-626-8190
155,4,30325.05,3049142039,37394 Lerdahl Trail,Huntington,West Virginia,25711,05/27/2021,12/25/1981,Isobel,Clohessy,iclohessy4a@pcworld.com,iclohessy4a@rambler.ru,Female,914-505-1984
156,4,43318.01,7067831899,9 Gulseth Road,Athens,Georgia,30610,07/17/2018,05/21/2001,Fidela,Murfett,fmurfett4b@mozilla.com,fmurfett4b@wikimedia.org,Bigender,405-432-0745
157,1,47418.9,8165003088,53 Susan Junction,Kansas City,Missouri,64153,01/10/2018,12/13/1997,Adelbert,Burchnall,aburchnall4c@spiegel.de,aburchnall4c@infoseek.co.jp,Male,303-684-2789
158,4,80440.35,5102684468,34 Anhalt Avenue,Oakland,California,94627,03/19/2022,07/20/1998,Saxe,Beswick,sbeswick4d@senate.gov,sbeswick4d@newyorker.com,Male,716-646-8235
159,1,22094.95,5092910123,584 Shoshone Pass,Spokane,Washington,99252,10/07/2022,04/09/1986,Jareb,Adney,jadney4e@apple.com,jadney4e@reuters.com,Male,208-808-8600
160,2,67189.45,2147534062,2486 Lindbergh Point,Dallas,Texas,75265,08/02/2020,07/22/1957,Savina,Tweddell,stweddell4f@theatlantic.com,stweddell4f@samsung.com,Female,989-280-1606
161,4,53919.44,5123669675,52953 Caliangt Road,Austin,Texas,78789,01/26/2017,12/24/1982,Aldo,Emmitt,aemmitt4g@yellowbook.com,,Male,989-933-1033
162,5,51643.97,2098903293,9 Waubesa Terrace,Stockton,California,95205,05/07/2018,12/22/1995,Adrien,Coolican,acoolican4h@blogger.com,,Male,253-842-6705
163,5,41621.92,4132723487,5 Superior Center,Springfield,Massachusetts,01129,02/12/2019,02/09/1974,Iorgo,Mouse,imouse4i@shutterfly.com,imouse4i@skype.com,Male,212-547-3591
164,2,64404.79,6127568216,6 Superior Court,Minneapolis,Minnesota,55407,08/17/2021,03/18/1994,Cullie,Clawley,cclawley4j@t-online.de,cclawley4j@google.de,Male,312-588-9333
165,4,33791.72,6152635894,62411 Bultman Park,Nashville,Tennessee,37215,03/06/2016,09/01/1986,Barrie,Crocken,bcrocken4k@shareasale.com,bcrocken4k@youku.com,Female,713-853-2988
166,1,65835.65,7027299442,46592 Roxbury Pass,Henderson,Nevada,89012,11/16/2016,10/06/1994,Deborah,Bolwell,dbolwell4l@simplemachines.org,,Female,206-703-0130
167,5,82803.3,8607988393,1 Columbus Court,Hartford,Connecticut,06160,04/05/2022,06/17/1974,Rawley,Gunn,rgunn4m@dailymotion.com,rgunn4m@seesaa.net,Male,303-489-9096
168,4,64811.35,8086766317,173 Hoard Drive,Honolulu,Hawaii,96810,06/09/2022,06/26/1968,Zena,Beller,zbeller4n@apache.org,zbeller4n@umn.edu,Female,843-812-4447
169,6,68980.16,2059574904,18933 Petterle Lane,Birmingham,Alabama,35236,02/21/2020,02/10/1963,Ladonna,Illingsworth,lillingsworth4o@list-manage.com,lillingsworth4o@xrea.com,Non-binary,609-183-8950
170,6,37915.22,5134673500,03966 Debs Park,Cincinnati,Ohio,45296,08/02/2018,11/13/1967,Greg,Nuton,gnuton4p@disqus.com,gnuton4p@wix.com,Male,479-256-2545
171,4,64563.22,5712099655,185 Lunder Parkway,Reston,Virginia,22096,11/28/2016,01/22/1990,Albert,Spriggen,aspriggen4q@phoca.cz,aspriggen4q@columbia.edu,Male,408-338-0381
172,2,59742.65,2026683617,22222 Hooker Center,Washington,District of Columbia,20067,04/03/2017,02/05/1962,Knox,Preshaw,kpreshaw4r@hostgator.com,,Male,754-487-0269
173,5,64801.32,9721318134,1 Banding Street,Dallas,Texas,75246,03/14/2016,07/07/2000,Marijo,Dunan,mdunan4s@archive.org,mdunan4s@vkontakte.ru,Female,856-276-1213
174,2,56836.03,7169820610,43114 Swallow Lane,Buffalo,New York,14215,04/10/2019,06/08/1970,Mel,Frantz,mfrantz4t@timesonline.co.uk,,Bigender,512-513-1400
175,2,51944.97,5012916930,24 Golden Leaf Way,Hot Springs National Park,Arkansas,71914,05/23/2017,03/25/1960,Gustavus,Brinkley,gbrinkley4u@xing.com,gbrinkley4u@gmpg.org,Male,325-323-2514
176,5,57668.93,3173329117,86 Dexter Center,Indianapolis,Indiana,46202,01/26/2021,01/27/1969,Kessiah,Androlli,kandrolli4v@hatena.ne.jp,kandrolli4v@wufoo.com,Female,770-541-0457
177,1,62715.2,2052499216,14 Forest Place,Tuscaloosa,Alabama,35405,02/13/2017,02/01/1996,Berti,Minghella,bminghella4w@netvibes.com,bminghella4w@com.com,Polygender,610-917-2867
178,6,58935.03,3152808778,88122 Barnett Point,Syracuse,New York,13224,02/14/2016,01/27/1984,Elsworth,Ladell,eladell4x@gov.uk,eladell4x@sciencedirect.com,Male,801-719-1787
179,4,74661.04,2601390187,37449 Anthes Circle,Fort Wayne,Indiana,46852,04/02/2021,08/24/1977,Mollee,Bowfin,mbowfin4y@multiply.com,mbowfin4y@weibo.com,Female,805-841-2233
180,1,43881.24,6177723540,570 Little Fleur Circle,Boston,Massachusetts,02203,05/05/2018,08/29/1995,Harriette,Hebden,hhebden4z@google.nl,,Female,919-754-4139
181,6,68331.17,2149705631,8 Lindbergh Junction,Dallas,Texas,75277,01/27/2022,04/22/1999,Camilla,Jeary,cjeary50@geocities.com,cjeary50@ask.com,Female,754-182-1287
182,1,40915.55,9416377466,102 Gina Street,Naples,Florida,34102,01/27/2018,01/21/1968,Yelena,Tristram,ytristram51@wired.com,ytristram51@microsoft.com,Female,510-682-4027
183,4,76857.46,6086634463,13487 Claremont Center,Madison,Wisconsin,53779,10/01/2021,05/11/1964,Selby,Gimlet,sgimlet52@google.cn,sgimlet52@ehow.com,Male,757-198-5669
184,2,44428.66,7274955225,4 Meadow Valley Trail,Saint Petersburg,Florida,33742,08/31/2021,07/07/1989,Andie,Idel,aidel53@eventbrite.com,aidel53@engadget.com,Male,915-245-6932
185,6,62060.33,5592889823,5020 Randy Place,Fresno,California,93750,05/10/2017,08/06/1979,Allin,Kennett,akennett54@mlb.com,,Male,202-786-6773
186,1,76201.51,2035021026,78 Crest Line Lane,Stamford,Connecticut,06912,03/16/2016,01/14/1956,Jerry,Castle,jcastle55@4shared.com,,Male,772-387-1843
187,1,52558.24,5085362200,1320 Northland Parkway,Worcester,Massachusetts,01654,04/23/2017,06/22/1975,Charlean,Isted,cisted56@jigsy.com,cisted56@livejournal.com,Female,912-280-4217
188,4,72371.91,3375719530,32556 Northview Junction,Lake Charles,Louisiana,70607,11/21/2021,10/15/1959,Torrance,Budgen,tbudgen57@nhs.uk,tbudgen57@nba.com,Male,617-549-4019
189,6,44687.11,2694731216,3 Lien Point,Kalamazoo,Michigan,49006,11/10/2020,10/15/1967,Duffy,Asken,dasken58@technorati.com,dasken58@youtube.com,Male,916-787-3685
190,6,65535.07,2025540310,1163 Almo Way,Washington,District of Columbia,20520,06/05/2015,11/11/1965,Jeremie,Sommerled,jsommerled59@mayoclinic.com,jsommerled59@ezinearticles.com,Male,602-730-0004
191,4,57797.5,3096631473,430 Cherokee Lane,Peoria,Illinois,61640,10/30/2018,06/17/1976,Milt,Posnett,mposnett5a@lulu.com,mposnett5a@canalblog.com,Non-binary,816-467-5520
192,1,82618.81,4054379757,66 Green Avenue,Oklahoma City,Oklahoma,73173,10/15/2019,11/25/1977,Lacy,Barczynski,lbarczynski5b@sourceforge.net,lbarczynski5b@jalbum.net,Female,561-165-7075
193,4,76483.94,6267946823,369 Hermina Hill,Alhambra,California,91841,12/04/2022,02/18/1962,Brew,Gotcher,bgotcher5c@flavors.me,bgotcher5c@google.es,Male,229-441-0002
194,4,89722.49,9154472714,03640 Eagle Crest Way,El Paso,Texas,88514,02/05/2020,06/21/2002,Magdalene,Melonby,mmelonby5d@china.com.cn,mmelonby5d@dagondesign.com,Female,859-693-2743
195,4,47366.34,9206455066,4561 Park Meadow Park,Green Bay,Wisconsin,54305,12/22/2019,04/26/1978,Georges,Noen,gnoen5e@simplemachines.org,gnoen5e@biblegateway.com,Male,682-646-8467
196,8,75329.26,8066243075,8023 Corry Road,Lubbock,Texas,79415,04/25/2022,07/06/1956,Rochell,Emsley,remsley5f@topsy.com,remsley5f@hostgator.com,Female,916-582-5129
197,7,56864.65,2153463762,1137 South Junction,Philadelphia,Pennsylvania,19104,10/04/2017,09/14/1993,Cesare,Brandino,cbrandino5g@blogtalkradio.com,,Male,217-829-7247
198,4,75502.4,3183197908,4 Gateway Trail,Monroe,Louisiana,71213,05/15/2018,05/02/1974,Morgen,Dummigan,mdummigan5h@ehow.com,,Male,219-721-8651
199,6,24966.47,9072134642,3 Delaware Lane,Juneau,Alaska,99812,04/27/2022,01/11/1998,Stephani,Gon,sgon5i@hao123.com,sgon5i@shareasale.com,Female,602-353-4317
200,4,51130.58,6083285683,675 Vermont Plaza,Madison,Wisconsin,53779,02/15/2018,06/20/1955,Henrieta,Humpherston,hhumpherston5j@bigcartel.com,,Female,805-605-1168
201,5,45489.74,3133277028,10 Fulton Center,Detroit,Michigan,48217,06/30/2018,11/03/1991,Griffith,Fairbank,gfairbank5k@woothemes.com,gfairbank5k@qq.com,Male,915-740-5072
202,6,51634.3,3869886104,9 Sherman Terrace,Daytona Beach,Florida,32123,09/05/2017,11/22/1962,Leo,Lally,llally5l@cloudflare.com,llally5l@accuweather.com,Male,916-748-5899
203,4,38970.99,9094254011,80 Schurz Park,Riverside,California,92505,08/01/2022,07/22/1972,Zolly,Najera,znajera5m@usgs.gov,,Male,210-856-2316
204,6,69362.07,6086934003,87 Gateway Drive,Madison,Wisconsin,53726,01/19/2022,09/20/1961,Doro,Lomaz,dlomaz5n@hostgator.com,dlomaz5n@sciencedirect.com,Bigender,573-272-6076
205,4,41167.02,6198439015,57 Northwestern Point,San Diego,California,92153,10/31/2020,05/15/1963,Orsola,Pagden,opagden5o@wikipedia.org,opagden5o@salon.com,Female,206-819-4889
206,1,69120.12,8018002859,0 Evergreen Center,Ogden,Utah,84403,07/02/2019,06/23/1964,Ketti,Gribben,kgribben5p@java.com,,Female,757-164-5294
207,5,50985.94,3523266337,3 Colorado Parkway,Spring Hill,Florida,34611,12/06/2017,08/06/1977,Kermie,Beavington,kbeavington5q@ustream.tv,kbeavington5q@sphinn.com,Male,702-957-0100
208,8,44040.14,7703494028,98940 Banding Street,Lawrenceville,Georgia,30245,01/12/2023,06/23/1980,Eugine,Birkinshaw,ebirkinshaw5r@boston.com,ebirkinshaw5r@constantcontact.com,Female,913-343-7287
209,4,56627.1,4054088364,78447 Division Street,Oklahoma City,Oklahoma,73104,10/28/2020,11/30/1990,Vernice,Fevier,vfevier5s@cnn.com,vfevier5s@wordpress.com,Polygender,202-959-2379
210,4,54404.34,4199694168,5 Farragut Terrace,Toledo,Ohio,43656,10/20/2020,01/26/1957,Iver,McLelland,imclelland5t@wix.com,imclelland5t@ycombinator.com,Male,810-917-2086
211,2,78806.97,5711789748,08153 Ludington Lane,Arlington,Virginia,22234,01/06/2016,12/01/1956,Hodge,Benedick,hbenedick5u@reddit.com,,Male,361-425-6175
212,2,66990.23,5046850631,6 Sunfield Court,Metairie,Louisiana,70033,06/16/2019,05/15/1994,Sadie,Canner,scanner5v@ucoz.ru,,Female,678-569-3832
213,4,52465.34,3153358316,5017 Heffernan Alley,Utica,New York,13505,12/20/2021,11/16/1956,Julian,Fabbro,jfabbro5w@rakuten.co.jp,jfabbro5w@vkontakte.ru,Bigender,309-460-5092
214,2,81661.98,3174984953,74 Hansons Hill,Indianapolis,Indiana,46202,04/06/2017,05/07/1968,Krystle,Schwandermann,kschwandermann5x@ehow.com,kschwandermann5x@opera.com,Female,202-795-7453
215,1,70469.55,9076890965,05 Elmside Place,Juneau,Alaska,99812,03/08/2019,01/21/1981,Tammy,Bearfoot,tbearfoot5y@cdbaby.com,tbearfoot5y@prweb.com,Male,502-467-3392
216,5,86369.83,5023568545,4554 Grayhawk Parkway,Louisville,Kentucky,40266,11/13/2019,07/11/1996,Steven,Rosetti,srosetti5z@thetimes.co.uk,srosetti5z@jugem.jp,Male,336-900-8745
217,4,66272.22,3049389719,4 Alpine Terrace,Charleston,West Virginia,25389,06/09/2020,10/24/1963,Walsh,Kaplan,wkaplan60@dyndns.org,wkaplan60@arstechnica.com,Male,718-447-4602
218,6,67514.59,5624799161,776 Scoville Crossing,Long Beach,California,90805,07/02/2015,07/31/1970,Delphinia,Saggs,dsaggs61@cbslocal.com,dsaggs61@tamu.edu,Genderqueer,770-696-3909
219,1,43645.55,5404009099,28 Erie Drive,Roanoke,Virginia,24034,04/29/2021,10/31/1987,Toby,Scotter,tscotter62@dmoz.org,tscotter62@tumblr.com,Male,361-768-1543
220,5,64255.02,9151431557,74673 Prairieview Alley,El Paso,Texas,79905,06/16/2018,09/26/1987,Barnie,Workes,bworkes63@netvibes.com,bworkes63@zimbio.com,Male,713-447-8252
221,4,56503.01,8048557139,3675 Pearson Crossing,Richmond,Virginia,23260,05/05/2021,08/05/1957,Joshua,Cucuzza,jcucuzza64@1und1.de,,Male,847-204-9422
222,4,63841.6,3189067874,1 Cody Street,Shreveport,Louisiana,71137,02/09/2020,10/11/1995,Jessi,Holtom,jholtom65@biglobe.ne.jp,jholtom65@posterous.com,Female,754-649-4942
223,6,54037.0,8182387096,6 Lien Place,Santa Monica,California,90405,05/10/2015,08/23/1973,Eleanora,Watters,ewatters66@wikimedia.org,ewatters66@shareasale.com,Female,402-145-8615
224,1,63919.97,7087434355,86832 Glendale Lane,Schaumburg,Illinois,60193,10/13/2019,12/15/2002,Abigale,Tilbey,atilbey67@istockphoto.com,atilbey67@furl.net,Female,903-102-0587
225,5,76316.43,2561751922,4 Tomscot Lane,Huntsville,Alabama,35810,10/10/2016,12/19/1965,Ricky,Schulze,rschulze68@ca.gov,,Male,616-691-8900
226,5,44874.18,2178522739,7630 Bluestem Trail,Springfield,Illinois,62794,04/07/2020,03/20/1998,Marys,Valek,mvalek69@cargocollective.com,mvalek69@google.es,Female,404-573-6546
227,5,64546.61,2515348855,3 Tomscot Street,Mobile,Alabama,36605,08/28/2019,06/24/1960,Moritz,Fraser,mfraser6a@sfgate.com,,Male,602-120-2059
228,5,70063.38,9123747646,810 Autumn Leaf Way,Savannah,Georgia,31422,09/13/2022,04/05/1977,Lyndsay,Carmel,lcarmel6b@hhs.gov,,Genderfluid,419-223-2468
229,3,66221.86,3618275293,1893 Bunker Hill Park,Corpus Christi,Texas,78405,04/14/2015,10/24/1975,Jacynth,Bondar,jbondar6c@usatoday.com,jbondar6c@acquirethisname.com,Female,206-721-0710
230,3,62675.94,4059059847,24 Sugar Center,Edmond,Oklahoma,73034,04/10/2021,11/30/1988,Karita,Yukhov,kyukhov6d@gravatar.com,kyukhov6d@ask.com,Female,816-644-2284
231,6,98318.38,7578144142,72 Springview Circle,Portsmouth,Virginia,23705,12/02/2015,07/27/1998,Benoit,Andrieux,bandrieux6e@bizjournals.com,bandrieux6e@berkeley.edu,Male,951-332-4017
232,4,52212.09,4801150605,8283 Clyde Gallagher Junction,Phoenix,Arizona,85045,08/26/2017,12/22/1971,Rosene,Matuska,rmatuska6f@netvibes.com,rmatuska6f@acquirethisname.com,Female,305-650-9117
233,6,64578.49,7131908940,0 Anderson Park,Houston,Texas,77223,03/13/2016,09/22/1988,Pammy,Kingswoode,pkingswoode6g@mysql.com,,Female,509-941-8202
234,8,69106.66,9158839517,99636 Superior Hill,El Paso,Texas,79928,11/12/2018,12/16/1998,Nico,Arr,narr6h@illinois.edu,,Male,316-514-4627
235,7,39491.81,7573425774,421 Crescent Oaks Place,Virginia Beach,Virginia,23464,03/13/2019,02/04/1990,Windy,Malone,wmalone6i@angelfire.com,,Female,304-173-4375
